NM_MUNICIPIO,DS_CARGO,NR_CANDIDATO,NM_URNA_CANDIDATO,NR_PARTIDO,SG_PARTIDO,QT_VOTOS_NOMINAIS
MANAUS,Vereador,10000,DR DANIEL VASCONCELOS,10,REPUBLICANOS,6364
MANAUS,Vereador,10010,GUSTAVO MORAIS,10,REPUBLICANOS,291
MANAUS,Vereador,10012,LUIZ AGRICULTOR,10,REPUBLICANOS,47
MANAUS,Vereador,10014,JULIO CESAR DO PROSAMIN,10,REPUBLICANOS,133
MANAUS,Vereador,10100,RAIANE DA BETÃNIA,10,REPUBLICANOS,260
MANAUS,Vereador,10101,NAZILDO REIS,10,REPUBLICANOS,339
MANAUS,Vereador,10110,LAURENCE MARTINS,10,REPUBLICANOS,66
MANAUS,Vereador,10111,PRISSILA MELO,10,REPUBLICANOS,126
MANAUS,Vereador,10123,JOÃO CARLOS,10,REPUBLICANOS,9499
MANAUS,Vereador,10144,PROFESSORA ANIZIA,10,REPUBLICANOS,103
MANAUS,Vereador,10180,ANA POR ELAS,10,REPUBLICANOS,323
MANAUS,Vereador,10181,CORONEL HERMES,10,REPUBLICANOS,200
MANAUS,Vereador,10190,SARGENTO EFRAIM,10,REPUBLICANOS,428
MANAUS,Vereador,10192,BRUNO COSTA,10,REPUBLICANOS,175
MANAUS,Vereador,10200,KARLA CAMPOS,10,REPUBLICANOS,140
MANAUS,Vereador,10222,MARCIA MACENA,10,REPUBLICANOS,2946
MANAUS,Vereador,10234,DEMÃTRIO SANTOS,10,REPUBLICANOS,1600
MANAUS,Vereador,10307,TEN MÃRCIO AZEVEDO,10,REPUBLICANOS,105
MANAUS,Vereador,10324,DONIZETE DA VOZ,10,REPUBLICANOS,241
MANAUS,Vereador,10333,NILSON NASCIMENTO,10,REPUBLICANOS,42
MANAUS,Vereador,10369,LUCAS PAIVA,10,REPUBLICANOS,136
MANAUS,Vereador,10444,HARUO TAKATANI,10,REPUBLICANOS,612
MANAUS,Vereador,10456,ROBERTO SABINO,10,REPUBLICANOS,7579
MANAUS,Vereador,10500,RONALDO SOUSA,10,REPUBLICANOS,522
MANAUS,Vereador,10555,ZEZINHO COROADINHO,10,REPUBLICANOS,114
MANAUS,Vereador,10666,THATY BARONE,10,REPUBLICANOS,125
MANAUS,Vereador,10678,ADANOR PORTO,10,REPUBLICANOS,3236
MANAUS,Vereador,10700,MELO NETO,10,REPUBLICANOS,48
MANAUS,Vereador,10704,BRITO JÃNIOR,10,REPUBLICANOS,180
MANAUS,Vereador,10712,CARLOS SILVA,10,REPUBLICANOS,270
MANAUS,Vereador,10715,DOM FERNANDO,10,REPUBLICANOS,120
MANAUS,Vereador,10732,PASTORA CIRLEY,10,REPUBLICANOS,49
MANAUS,Vereador,10765,KETLLEN MOURA,10,REPUBLICANOS,1359
MANAUS,Vereador,10777,NAGLIA AMORIM,10,REPUBLICANOS,624
MANAUS,Vereador,10789,MARCIO TAVARES,10,REPUBLICANOS,5196
MANAUS,Vereador,10832,MAJ MARIA JOSE,10,REPUBLICANOS,63
MANAUS,Vereador,10888,CARRETEIRO XITARA,10,REPUBLICANOS,513
MANAUS,Vereador,10992,CARPEJANE FRANCO,10,REPUBLICANOS,52
MANAUS,Vereador,10999,MACKI SOARES,10,REPUBLICANOS,163
MANAUS,Vereador,11000,MICHELL MARQUES,11,PP,1581
MANAUS,Vereador,11001,PEPETY  CUNHA,11,PP,437
MANAUS,Vereador,11007,RODRIGO GUEDES,11,PP,12298
MANAUS,Vereador,11009,LUCAS MEIA-NOITE,11,PP,91
MANAUS,Vereador,11010,CLAYTON PASCARELLI,11,PP,2344
MANAUS,Vereador,11011,MOISES BARROS,11,PP,482
MANAUS,Vereador,11012,JEAN MENDONÃA,11,PP,1824
MANAUS,Vereador,11017,RAFAELA TORRES,11,PP,1374
MANAUS,Vereador,11022,DALVA MORAIS ,11,PP,1085
MANAUS,Vereador,11023,FERNANDO ALVES,11,PP,110
MANAUS,Vereador,11024,WALLACY MICHELLE,11,PP,175
MANAUS,Vereador,11092,ASSISTENTE SOCIAL ADRIANA LIMA,11,PP,160
MANAUS,Vereador,11101,JUCELINO NASCIMENTO,11,PP,524
MANAUS,Vereador,11111,LISSANDRO BREVAL,11,PP,4761
MANAUS,Vereador,11112,DR. RAFAEL CARAPEBA,11,PP,507
MANAUS,Vereador,11123,RODRIGO SÃ,11,PP,5781
MANAUS,Vereador,11190,REPÃRTER EUDOGIO,11,PP,1359
MANAUS,Vereador,11222,EDUARDO PORTELA,11,PP,1112
MANAUS,Vereador,11257,LEOCÃDIO LOPES ,11,PP,585
MANAUS,Vereador,11272,DIACONO EVERALDO REIS ,11,PP,257
MANAUS,Vereador,11273,ANA SIQUEIRA,11,PP,60
MANAUS,Vereador,11284,PASTORA LANE KOKAMA,11,PP,161
MANAUS,Vereador,11321,SÃMEQ PROTETOR ,11,PP,2250
MANAUS,Vereador,11322,JOSUÃ DA SAÃDE ENFERMEIRO,11,PP,126
MANAUS,Vereador,11333,ANDREZINHO RICARDO,11,PP,1231
MANAUS,Vereador,11345,JOSUE KOKAMA,11,PP,205
MANAUS,Vereador,11432,VERA ESPERANÃA,11,PP,315
MANAUS,Vereador,11433,ELLEN HOLANDA,11,PP,93
MANAUS,Vereador,11444,FABIANO HENRIQUE,11,PP,389
MANAUS,Vereador,11456,GEYSA PINHEIRO,11,PP,157
MANAUS,Vereador,11477,LUGINHA,11,PP,47
MANAUS,Vereador,11555,ALVARO CAMPELO,11,PP,2920
MANAUS,Vereador,11557,EDNA SOUSA,11,PP,266
MANAUS,Vereador,11610,NEY JUNIOR,11,PP,2079
MANAUS,Vereador,11612,RAINER FIGUEIREDO,11,PP,1143
MANAUS,Vereador,11623,CLAUDIO VARGAS,11,PP,82
MANAUS,Vereador,11766,KALINY SOUZA,11,PP,99
MANAUS,Vereador,11776,EUCLIDES PANCADÃO,11,PP,151
MANAUS,Vereador,11777,CEARAZIN SEMISERA,11,PP,5636
MANAUS,Vereador,11789,HARUMI SATO,11,PP,51
MANAUS,Vereador,11888,NENÃM LEGAL,11,PP,329
MANAUS,Vereador,11999,LUZIANE ARRUDA,11,PP,83
MANAUS,Vereador,12000,NATALIA SILVA,12,PDT,97
MANAUS,Vereador,12010,DR ODER AURELIO,12,PDT,289
MANAUS,Vereador,12012,VICTOR GAMA,12,PDT,319
MANAUS,Vereador,12014,ALESSANDRA NASCIMENTO,12,PDT,34
MANAUS,Vereador,12016,DRA JEMIMA DE PAULA SOARES,12,PDT,226
MANAUS,Vereador,12025,VALESKA FREITAS,12,PDT,61
MANAUS,Vereador,12111,KEISE RAMOS,12,PDT,42
MANAUS,Vereador,12121,AMANDA MOTOTAXI,12,PDT,23
MANAUS,Vereador,12125,CHARLINHO AMIGO DO POVO,12,PDT,117
MANAUS,Vereador,12126,PAULINHO LOCUTOR,12,PDT,204
MANAUS,Vereador,12144,GIRLÃNDIA BATISTA,12,PDT,402
MANAUS,Vereador,12176,LEANDRO SOUZA,12,PDT,124
MANAUS,Vereador,12177,GRAICY MAQUINÃ,12,PDT,220
MANAUS,Vereador,12200,ELIAS CHAGAS,12,PDT,183
MANAUS,Vereador,12221,PROF POLYANA COSTA,12,PDT,99
MANAUS,Vereador,12222,MARCOS PATRÃCIO,12,PDT,800
MANAUS,Vereador,12223,ANDERSON SANTOS,12,PDT,2095
MANAUS,Vereador,12231,JANDIRA MOURA,12,PDT,175
MANAUS,Vereador,12234,BOSQUINHO,12,PDT,94
MANAUS,Vereador,12244,FRANCIOMAR CARECA,12,PDT,176
MANAUS,Vereador,12277,JAIME CARNEIRO,12,PDT,71
MANAUS,Vereador,12307,PROFESSOR BIBIANO,12,PDT,920
MANAUS,Vereador,12320,RODRIGO COHEN,12,PDT,1806
MANAUS,Vereador,12324,HAVILÃ MARQUES,12,PDT,61
MANAUS,Vereador,12333,GILDENOR FRANÃA,12,PDT,171
MANAUS,Vereador,12334,JÃIA BRAGA,12,PDT,218
MANAUS,Vereador,12345,STONES MACHADO,12,PDT,1752
MANAUS,Vereador,12363,VALZINHA DA ENFERMAGEM,12,PDT,26
MANAUS,Vereador,12432,JÃLIO CESAR IMPERADOR,12,PDT,63
MANAUS,Vereador,12444,DR CARLOS OLIVEIRA,12,PDT,143
MANAUS,Vereador,12456,GG,12,PDT,48
MANAUS,Vereador,12500,PROFESSOR BARBA AZUL,12,PDT,243
MANAUS,Vereador,12552,CEZAR MATOS,12,PDT,209
MANAUS,Vereador,12555,RAFAEL SALES,12,PDT,529
MANAUS,Vereador,12580,CLÃUDIA TIKUNA,12,PDT,50
MANAUS,Vereador,12666,ADALBERTO PAULA DO ENCANTOS AM,12,PDT,133
MANAUS,Vereador,12707,SERGINHO LEAL,12,PDT,337
MANAUS,Vereador,12777,ALAN AMAZONAS,12,PDT,143
MANAUS,Vereador,12789,NILDO PRESIDENTE DA COLETIVA,12,PDT,2258
MANAUS,Vereador,12800,JAIR AQUINO DE LIMA,12,PDT,54
MANAUS,Vereador,12888,RENATINHO,12,PDT,146
MANAUS,Vereador,12999,DODY COMAPA,12,PDT,262
MANAUS,Vereador,13000,NEGÃO DE MANAUS,13,PT,120
MANAUS,Vereador,13013,DELEGADO JOÃO TAYAH,13,PT,3357
MANAUS,Vereador,13014,PROFESSOR MIGUEL,13,PT,634
MANAUS,Vereador,13030,PATRICIA CARVALHO,13,PT,70
MANAUS,Vereador,13116,CACIQUE AGENOR,13,PT,123
MANAUS,Vereador,13123,ANNE MOURA,13,PT,2399
MANAUS,Vereador,13131,CRISTIANE SALES,13,PT,1298
MANAUS,Vereador,13333,ADOLPHO CASTRO,13,PT,258
MANAUS,Vereador,13339,FELIX VALOIS,13,PT,780
MANAUS,Vereador,13418,SASSÃ DA CONSTRUÃÃO CIVIL,13,PT,5506
MANAUS,Vereador,13419,IDILVA GONDIM,13,PT,194
MANAUS,Vereador,13444,CAMILA SILVA,13,PT,184
MANAUS,Vereador,13456,PROFESSOR LUIZ ANTONIO,13,PT,313
MANAUS,Vereador,13555,CHRIS MELCHIOR,13,PT,67
MANAUS,Vereador,13610,ZÃ RICARDO,13,PT,17395
MANAUS,Vereador,13633,THIAGO MEDEIROS,13,PT,1779
MANAUS,Vereador,13656,DULCE SENA,13,PT,1786
MANAUS,Vereador,13777,LUIZ BORGES,13,PT,690
MANAUS,Vereador,13888,EDUARDO SILVA,13,PT,337
MANAUS,Vereador,15000,KENNEDY MARQUES PROTETOR,15,MDB,14548
MANAUS,Vereador,15001,RODRIGUINHO DO APLICATIVO,15,MDB,988
MANAUS,Vereador,15005,JAIANE SILVA,15,MDB,132
MANAUS,Vereador,15007,SARGENTO AUGUSTO,15,MDB,343
MANAUS,Vereador,15009,VERINHA,15,MDB,142
MANAUS,Vereador,15012,ELIZÃNGELA SILVA,15,MDB,23
MANAUS,Vereador,15015,JEOVÃ DE JESUS,15,MDB,4454
MANAUS,Vereador,15070,NELTON SOUZA,15,MDB,941
MANAUS,Vereador,15085,MALA,15,MDB,1497
MANAUS,Vereador,15111,RAULZINHO,15,MDB,7001
MANAUS,Vereador,15112,ELIZABETH OLIVEIRA,15,MDB,40
MANAUS,Vereador,15121,MOTOTAXI NEY DA PANAIR,15,MDB,118
MANAUS,Vereador,15122,PSICÃLOGO ELI SOUZA,15,MDB,191
MANAUS,Vereador,15123,CAILA CARIM,15,MDB,4646
MANAUS,Vereador,15127,JOAS TRAJANO,15,MDB,230
MANAUS,Vereador,15133,FERREIRINHA,15,MDB,64
MANAUS,Vereador,15147,AMANDA MOUTINHO,15,MDB,48
MANAUS,Vereador,15150,VINICIUS CALAZANS,15,MDB,161
MANAUS,Vereador,15155,EMERSON REDIG,15,MDB,1923
MANAUS,Vereador,15173,AURICELIA,15,MDB,40
MANAUS,Vereador,15222,DRA. AMANDA PINHEIRO,15,MDB,440
MANAUS,Vereador,15321,GEOVANE SOUZA,15,MDB,590
MANAUS,Vereador,15333,PROFESSOR VAL,15,MDB,442
MANAUS,Vereador,15356,JOÃO COUTO,15,MDB,503
MANAUS,Vereador,15369,ALBERTO MONTEIRO,15,MDB,740
MANAUS,Vereador,15444,ISRAEL ADINAMAR,15,MDB,2604
MANAUS,Vereador,15471,ALMIR NUNES,15,MDB,177
MANAUS,Vereador,15515,CARLITO BISPO,15,MDB,280
MANAUS,Vereador,15555,DR. ISAAC TAYAH,15,MDB,3404
MANAUS,Vereador,15570,ENGENHEIRO WENDELL,15,MDB,123
MANAUS,Vereador,15633,ARQUILAU BRANDÃO,15,MDB,524
MANAUS,Vereador,15654,SOCORRO DO CAFÃ,15,MDB,55
MANAUS,Vereador,15666,CARLOS MORAES,15,MDB,593
MANAUS,Vereador,15699,RODRIGO NUNES,15,MDB,1290
MANAUS,Vereador,15706,MARQUINHO MAIA,15,MDB,2581
MANAUS,Vereador,15760,PROFESSOR NONATO,15,MDB,321
MANAUS,Vereador,15770,GWENA VARGAS,15,MDB,29
MANAUS,Vereador,15777,MITOSO,15,MDB,6199
MANAUS,Vereador,15789,NICOLAS WEBER,15,MDB,1259
MANAUS,Vereador,15888,CAROL BRAZ,15,MDB,2585
MANAUS,Vereador,15987,MARIA CLENEIDE,15,MDB,55
MANAUS,Vereador,15999,PROF.. GINA GONZALEZ,15,MDB,62
MANAUS,Vereador,16016,ANTONIO NETO,16,PSTU,129
MANAUS,Vereador,16123,AUXILIADORA CASTRO,16,PSTU,47
MANAUS,Vereador,18000,PROF. LUIZ CLÃUDIO,18,REDE,458
MANAUS,Vereador,18018,ROGÃRIO SILVA,18,REDE,121
MANAUS,Vereador,18111,HELENA DANTAS,18,REDE,493
MANAUS,Vereador,18120,KIKO DA PONTA NEGRA,18,REDE,161
MANAUS,Vereador,18123,VANDA WITOTO,18,REDE,8374
MANAUS,Vereador,18180,GABRIEL MOTA,18,REDE,1119
MANAUS,Vereador,18222,PAULISTA DO CALDO,18,REDE,19
MANAUS,Vereador,18333,RAYAN ARCANJO,18,REDE,369
MANAUS,Vereador,18444,OTÃVIO BRASIL,18,REDE,69
MANAUS,Vereador,18555,GONÃALVES DRIVERS MANAUS,18,REDE,120
MANAUS,Vereador,18666,MIRELLA CASTRO,18,REDE,55
MANAUS,Vereador,18777,PROFESSOR DIEGO FREITAS,18,REDE,203
MANAUS,Vereador,18778,SWMAYA AMARAL,18,REDE,107
MANAUS,Vereador,18789,LUIZ ANDRADE,18,REDE,172
MANAUS,Vereador,18888,GILBERTO BANCADA AMBIENTAL,18,REDE,305
MANAUS,Vereador,20000,ALLAN CAMPÃLO,20,PODE,9454
MANAUS,Vereador,20005,CLAUDIONOR CUNHA,20,PODE,155
MANAUS,Vereador,20020,LÃO RODRIGUES,20,PODE,726
MANAUS,Vereador,20030,WANDERSON ROBINHO,20,PODE,3236
MANAUS,Vereador,20044,LUIZ TINHO ,20,PODE,1141
MANAUS,Vereador,20055,CRISTIANE BALIEIRO,20,PODE,431
MANAUS,Vereador,20077,PEDRINA ALVES,20,PODE,139
MANAUS,Vereador,20088,RENATINHO DA ELITE,20,PODE,215
MANAUS,Vereador,20100,CONSELHEIRA FABIOLA REIS,20,PODE,1220
MANAUS,Vereador,20101,SOLDADO DO GASODUTO,20,PODE,53
MANAUS,Vereador,20111,ELOI ABREU ,20,PODE,1128
MANAUS,Vereador,20121,MARCELA DUARTE,20,PODE,275
MANAUS,Vereador,20123,YOMARA LINS,20,PODE,8006
MANAUS,Vereador,20153,RITA DA ENFERMAGEM,20,PODE,131
MANAUS,Vereador,20190,PROFESSORA EDITH FALCÃO,20,PODE,322
MANAUS,Vereador,20201,EDERLAN COELHO,20,PODE,77
MANAUS,Vereador,20204,AGATHA SELEN,20,PODE,657
MANAUS,Vereador,20222,NATH NASCIMENTO,20,PODE,4818
MANAUS,Vereador,20233,EDIVAN CASTILHO,20,PODE,255
MANAUS,Vereador,20234,WEINER BARBOSA,20,PODE,2441
MANAUS,Vereador,20300,CARLOS SIMÃES,20,PODE,249
MANAUS,Vereador,20312,MARCIO ANDRÃ,20,PODE,202
MANAUS,Vereador,20319,ANDRÃ MARSILIO,20,PODE,898
MANAUS,Vereador,20321,PROFESSOR ALAN D ANGELO,20,PODE,446
MANAUS,Vereador,20333,JOÃO DA DUNORTE,20,PODE,142
MANAUS,Vereador,20335,BELO DO PIORINI,20,PODE,682
MANAUS,Vereador,20345,ELSON LOPES,20,PODE,169
MANAUS,Vereador,20444,MATEUSINHO SEU AMIGO,20,PODE,387
MANAUS,Vereador,20456,ANNE MOTA,20,PODE,321
MANAUS,Vereador,20539,DORA ALBUQUERQUE,20,PODE,39
MANAUS,Vereador,20540,ANTONIO MONTEIRO,20,PODE,233
MANAUS,Vereador,20555,MIRO DO BOA NOVAS,20,PODE,1000
MANAUS,Vereador,20652,DELEON RODRIGUES,20,PODE,53
MANAUS,Vereador,20654,VERIT DO MAUAZINHO,20,PODE,609
MANAUS,Vereador,20666,DRA SEBASTIANA LIMA,20,PODE,285
MANAUS,Vereador,20678,RENATA RODRIGUES,20,PODE,543
MANAUS,Vereador,20698,SILDOMAR ABTIBOL,20,PODE,3843
MANAUS,Vereador,20777,JANDER LIMA,20,PODE,4011
MANAUS,Vereador,20789,FRED  MOTA ,20,PODE,1676
MANAUS,Vereador,20888,JORGE AZIZE ABRAHIM,20,PODE,192
MANAUS,Vereador,20987,ELIAS BACURY,20,PODE,78
MANAUS,Vereador,20999,BRENDA GRAZIELA,20,PODE,529
MANAUS,Vereador,22000,DELEGADO PABLO,22,PL,6602
MANAUS,Vereador,22001,RODRIGO MENDES,22,PL,233
MANAUS,Vereador,22002,BISPA JUDITH ROCHA,22,PL,112
MANAUS,Vereador,22007,SARGENTO SALAZAR,22,PL,22594
MANAUS,Vereador,22012,MARCEL ALEXANDRE,22,PL,5809
MANAUS,Vereador,22022,RAIFF MATOS,22,PL,7169
MANAUS,Vereador,22110,SIMONE TORRES,22,PL,182
MANAUS,Vereador,22111,CORONEL ROSSES,22,PL,7169
MANAUS,Vereador,22114,TIO PIT DO TÃXI,22,PL,195
MANAUS,Vereador,22121,SULLY DE MARCONI,22,PL,28
MANAUS,Vereador,22122,JEAN BATISTA,22,PL,2410
MANAUS,Vereador,22123,SÃRGIO KRUKE,22,PL,2047
MANAUS,Vereador,22125,PAULO ROBSON,22,PL,189
MANAUS,Vereador,22182,DOUTOR BERNARD BRUNO,22,PL,575
MANAUS,Vereador,22190,CAPITÃO CARPÃ,22,PL,9583
MANAUS,Vereador,22192,NEYLANE MACEDO,22,PL,610
MANAUS,Vereador,22221,DRIKA LEÃOZINHA,22,PL,309
MANAUS,Vereador,22222,DELEGADO COSTA E SILVA,22,PL,4700
MANAUS,Vereador,22225,ELISON NUNES,22,PL,482
MANAUS,Vereador,22226,ANA CLARA,22,PL,495
MANAUS,Vereador,22227,LADY ALINE,22,PL,188
MANAUS,Vereador,22234,MIGUEL MARTINS,22,PL,205
MANAUS,Vereador,22237,TATÃ,22,PL,119
MANAUS,Vereador,22256,PROFESSORA KLÃCIA KELLE,22,PL,94
MANAUS,Vereador,22322,HELTON GUERRA,22,PL,221
MANAUS,Vereador,22333,MAJOR FÃBIO HUSS,22,PL,984
MANAUS,Vereador,22345,ENFERMEIRA GRACIETE OLIVEIRA,22,PL,496
MANAUS,Vereador,22357,CHEF ANTÃNIO CARVALHO,22,PL,342
MANAUS,Vereador,22369,TEÃFILO RIBEIRO,22,PL,84
MANAUS,Vereador,22412,RUTH COSTA,22,PL,236
MANAUS,Vereador,22422,PROFESSOR ATLAS BACELLAR,22,PL,689
MANAUS,Vereador,22444,DOUTOR JOSÃ MARQUES,22,PL,1723
MANAUS,Vereador,22456,GEANE FREITAS,22,PL,1124
MANAUS,Vereador,22555,MÃRIO DANIEL,22,PL,1379
MANAUS,Vereador,22632,JORGE MAIA,22,PL,590
MANAUS,Vereador,22722,ANDRÃA RAMOS,22,PL,331
MANAUS,Vereador,22777,CHICO PRETO,22,PL,4221
MANAUS,Vereador,22789,COMENDADOR REGINALDO ANDRADE,22,PL,143
MANAUS,Vereador,22822,MICHEL FELIPE,22,PL,242
MANAUS,Vereador,22888,HENRIQUE OLIVEIRA,22,PL,633
MANAUS,Vereador,22922,DION SILVA,22,PL,117
MANAUS,Vereador,22999,FERNANDA DO CONSIGNADO,22,PL,222
MANAUS,Vereador,23000,JOÃO ARCE,23,CIDADANIA,1541
MANAUS,Vereador,23001,MINISTRO,23,CIDADANIA,253
MANAUS,Vereador,23023,DR. MICHEL TORRES,23,CIDADANIA,1498
MANAUS,Vereador,23033,MATHEUS RIBEIRO,23,CIDADANIA,3800
MANAUS,Vereador,23113,DRA NAYARA,23,CIDADANIA,212
MANAUS,Vereador,23123,DR CLEVERSON,23,CIDADANIA,2164
MANAUS,Vereador,23230,NAJARA BENTES,23,CIDADANIA,494
MANAUS,Vereador,23300,ANA LÃVIA,23,CIDADANIA,2154
MANAUS,Vereador,23321,HENRIQUE TEIXEIRA,23,CIDADANIA,391
MANAUS,Vereador,23333,PROF VELAS,23,CIDADANIA,758
MANAUS,Vereador,23348,FABIOLA MARQUES,23,CIDADANIA,41
MANAUS,Vereador,23369,PROF JOÃO GARCIA,23,CIDADANIA,178
MANAUS,Vereador,23396,PROF BRUNO CHRISTOPHERSON,23,CIDADANIA,228
MANAUS,Vereador,23436,DIEGO PEDRO DA RESET,23,CIDADANIA,597
MANAUS,Vereador,23456,WILLIAM ALEMÃO,23,CIDADANIA,3025
MANAUS,Vereador,23678,FELISMINA RIBEIRO,23,CIDADANIA,31
MANAUS,Vereador,23789,MARCOS DO BARRA VERMELHA,23,CIDADANIA,726
MANAUS,Vereador,25000,THAYSA LIPPY,25,PRD,16116
MANAUS,Vereador,25001,JOÃO LIRA,25,PRD,1047
MANAUS,Vereador,25007,JOÃO DA VICAL E BANCADA,25,PRD,1159
MANAUS,Vereador,25025,EVERALDO FARIAS,25,PRD,1488
MANAUS,Vereador,25044,MISSIONÃRIO LUIZ MENDES,25,PRD,742
MANAUS,Vereador,25077,NETO ALHO,25,PRD,876
MANAUS,Vereador,25111,JOÃOZINHO MIRANDA E BANCADA,25,PRD,1526
MANAUS,Vereador,25123,LUIS NETO,25,PRD,1105
MANAUS,Vereador,25125,THIAGO PINHEIRO FONOAUDIÃLOGO,25,PRD,1134
MANAUS,Vereador,25190,SARGENTO COUTINHO ,25,PRD,839
MANAUS,Vereador,25222,JHONES FILHO ,25,PRD,1553
MANAUS,Vereador,25234,CARLOS FELIX POR MIM POR VOCÃ ,25,PRD,1399
MANAUS,Vereador,25236,PAULO JORGE,25,PRD,353
MANAUS,Vereador,25245,LIANA AGUIAR ,25,PRD,31
MANAUS,Vereador,25250,RENAN VIEIRA,25,PRD,325
MANAUS,Vereador,25252,VANETE CARVALHO,25,PRD,179
MANAUS,Vereador,25255,VILMA QUEIROZ,25,PRD,1126
MANAUS,Vereador,25321,BARBARA BELOTA ,25,PRD,103
MANAUS,Vereador,25333,ALAN CARLOS BANCADA RENOVAÃÃO ,25,PRD,414
MANAUS,Vereador,25345,TAINARA FRANCA,25,PRD,3093
MANAUS,Vereador,25369,TIAGO FALCÃO,25,PRD,1764
MANAUS,Vereador,25377,ONISIA CARIOCA,25,PRD,313
MANAUS,Vereador,25444,DR FELIX E BANCADA ATIVISTA,25,PRD,1201
MANAUS,Vereador,25456,RANI BRAZ,25,PRD,1584
MANAUS,Vereador,25500,PERI,25,PRD,368
MANAUS,Vereador,25505,TANIA MARA,25,PRD,41
MANAUS,Vereador,25525,DJ RAIDI REBELLO,25,PRD,1057
MANAUS,Vereador,25554,ENFERMEIRO GEOVANNE,25,PRD,201
MANAUS,Vereador,25555,TARCISIO LIMA E BANCADA SOCIAL,25,PRD,2343
MANAUS,Vereador,25556,EDSON ALFAIA ,25,PRD,715
MANAUS,Vereador,25644,HUGO BACELAR,25,PRD,2905
MANAUS,Vereador,25671,EDÃLSON GURGEL ,25,PRD,865
MANAUS,Vereador,25678,FERNANDO DO PEDALA,25,PRD,797
MANAUS,Vereador,25700,ALESSANDRA FARIAS,25,PRD,349
MANAUS,Vereador,25733,ROSA DA CIDADE DE DEUS,25,PRD,190
MANAUS,Vereador,25777,CORONEL SETTE ,25,PRD,3205
MANAUS,Vereador,25789,WILTON LIRA BANCADA MAIS SAÃDE,25,PRD,884
MANAUS,Vereador,25800,ARIMATEIA VIANA ,25,PRD,2688
MANAUS,Vereador,25877,SÃRGIO BARÃ,25,PRD,3466
MANAUS,Vereador,25888,NAZARE PEREIRA,25,PRD,135
MANAUS,Vereador,25900,TENENTE ADILMARA ,25,PRD,86
MANAUS,Vereador,25999,JOHN SENA,25,PRD,3363
MANAUS,Vereador,27000,ROBERTO DINÃMITE,27,DC,5192
MANAUS,Vereador,27001,FABIO 01,27,DC,220
MANAUS,Vereador,27007,ELOIZA HELENA,27,DC,46
MANAUS,Vereador,27023,CRIS MOTA,27,DC,57
MANAUS,Vereador,27027,JONATHAS RIBEIRO,27,DC,500
MANAUS,Vereador,27061,NUBIA CASTRO,27,DC,84
MANAUS,Vereador,27077,SOCORRO OLIVEIRA,27,DC,48
MANAUS,Vereador,27100,CLAUDIO VIANA,27,DC,343
MANAUS,Vereador,27107,CRISTIANO FARAÃ,27,DC,1605
MANAUS,Vereador,27111,IRALCY BARROS,27,DC,177
MANAUS,Vereador,27122,SIVIKO ARAÃJO,27,DC,451
MANAUS,Vereador,27123,ELAN ALENCAR,27,DC,8611
MANAUS,Vereador,27127,CONSELHEIRO JOHNY MENEZES,27,DC,1866
MANAUS,Vereador,27133,LIBERLEY DANTAS,27,DC,543
MANAUS,Vereador,27144,WALLACE OLIVEIRA,27,DC,4557
MANAUS,Vereador,27145,DRA AMANDA SOUZA,27,DC,74
MANAUS,Vereador,27177,PROFESSORA SOCORRO ROCHA,27,DC,112
MANAUS,Vereador,27190,CORONEL LIMA JUNIOR,27,DC,3514
MANAUS,Vereador,27217,PALHETA,27,DC,161
MANAUS,Vereador,27222,LERO LERO,27,DC,403
MANAUS,Vereador,27233,LULU,27,DC,39
MANAUS,Vereador,27235,RAQUEL MORAES,27,DC,42
MANAUS,Vereador,27240,MARIA TORQUATO,27,DC,210
MANAUS,Vereador,27255,MARCELO VARÃO DE GUERRA,27,DC,121
MANAUS,Vereador,27270,DR EDUARDO GARCIA,27,DC,827
MANAUS,Vereador,27333,APRESENTADOR ANDRÃ LUIZ,27,DC,610
MANAUS,Vereador,27336,ADRIANA DE LIMA,27,DC,105
MANAUS,Vereador,27369,LUIZINHO MELO,27,DC,275
MANAUS,Vereador,27370,ANDRE MAIA,27,DC,704
MANAUS,Vereador,27455,TATÃ TARCISO GUTEMBERG,27,DC,929
MANAUS,Vereador,27456,ÃRICO BRAGA,27,DC,1808
MANAUS,Vereador,27555,LUIZ CARLOS DO BAIRRO DA PAZ,27,DC,1996
MANAUS,Vereador,27567,DR OTACÃLIO NEGREIROS,27,DC,2196
MANAUS,Vereador,27723,JULMARA DO TERRA NOVA,27,DC,342
MANAUS,Vereador,27777,RODRIGÃO MOREIRA,27,DC,4542
MANAUS,Vereador,27789,JOSÃ CAVALCANTE,27,DC,177
MANAUS,Vereador,27799,DOUGLAS BRINQUEDOS,27,DC,399
MANAUS,Vereador,27800,JERZEEL DO SANEAMENTO,27,DC,501
MANAUS,Vereador,27888,LENO MENEZES,27,DC,443
MANAUS,Vereador,27914,JAIRO FRAZÃO,27,DC,624
MANAUS,Vereador,27927,PEDRINHA LASMAR,27,DC,68
MANAUS,Vereador,28000,MICHELL LIRA,28,PRTB,234
MANAUS,Vereador,28012,WILSON SANTOS,28,PRTB,317
MANAUS,Vereador,28028,PROTETORA CARLA SOUZA,28,PRTB,448
MANAUS,Vereador,28061,CLEUDO O SOLDADO DO POVO,28,PRTB,132
MANAUS,Vereador,28100,GAUCHO,28,PRTB,131
MANAUS,Vereador,28113,PROFESSOR PEDRO LIARTE,28,PRTB,101
MANAUS,Vereador,28117,PROFESSOR VANDER LOURENÃO,28,PRTB,63
MANAUS,Vereador,28177,NUBIA BRASIL,28,PRTB,375
MANAUS,Vereador,28198,JORGE FERREIRA,28,PRTB,91
MANAUS,Vereador,28200,CÃSAR COSTA,28,PRTB,124
MANAUS,Vereador,28222,PROFESSOR MARÃAL,28,PRTB,149
MANAUS,Vereador,28228,ALUIZIO VIEIRA,28,PRTB,79
MANAUS,Vereador,28234,ANNA CLARA CASTRO,28,PRTB,48
MANAUS,Vereador,28282,VALDECO DA ZONA NORTE,28,PRTB,134
MANAUS,Vereador,28288,ÃLLI TOLEDO,28,PRTB,380
MANAUS,Vereador,28325,MARIA LUCIMAR,28,PRTB,375
MANAUS,Vereador,28456,PROFESSOR MÃRCIO,28,PRTB,27
MANAUS,Vereador,28555,ANA MARIA,28,PRTB,78
MANAUS,Vereador,28644,CARLOS ANDRÃ DA SILVA,28,PRTB,37
MANAUS,Vereador,28777,THIAGO LEANDRO,28,PRTB,57
MANAUS,Vereador,28789,SUSANNE GOMES,28,PRTB,178
MANAUS,Vereador,28791,MERI A DIARISTA,28,PRTB,38
MANAUS,Vereador,28828,PATRICIA ALMEIDA ,28,PRTB,74
MANAUS,Vereador,28880,JEAN MESSIAS,28,PRTB,286
MANAUS,Vereador,28882,SUELI DA LOTAÃÃO,28,PRTB,68
MANAUS,Vereador,28888,THIAGO COELHO,28,PRTB,350
MANAUS,Vereador,28890,THIAGO MARQUES DA CRUZ,28,PRTB,236
MANAUS,Vereador,28999,MARCOS PAULO,28,PRTB,105
MANAUS,Vereador,30000,ÃLISSON FORTES,30,NOVO,327
MANAUS,Vereador,30003,POLIANA LIMA,30,NOVO,59
MANAUS,Vereador,30007,LÃCIA TAVARES,30,NOVO,83
MANAUS,Vereador,30021,DARIO RIBEIRO,30,NOVO,101
MANAUS,Vereador,30022,RAMON COSTA,30,NOVO,174
MANAUS,Vereador,30030,JACKSON RIBEIRO,30,NOVO,293
MANAUS,Vereador,30033,GEARLISON OLIVEIRA,30,NOVO,257
MANAUS,Vereador,30055,MARA LINS,30,NOVO,465
MANAUS,Vereador,30087,ALLAN MARCELO S BRAULE PINTO,30,NOVO,71
MANAUS,Vereador,30091,ANDRÃA ABRANTES,30,NOVO,92
MANAUS,Vereador,30100,NEILA CRISTINA,30,NOVO,111
MANAUS,Vereador,30111,PROFESSORA CRIS,30,NOVO,163
MANAUS,Vereador,30117,CALIL SATO,30,NOVO,124
MANAUS,Vereador,30123,PROFESSOR JOÃO PAULO,30,NOVO,766
MANAUS,Vereador,30169,AYLLA RODRIGUES,30,NOVO,17
MANAUS,Vereador,30222,RENAN SILVA,30,NOVO,70
MANAUS,Vereador,30233,RONALD DO PARÃMAZONAS,30,NOVO,39
MANAUS,Vereador,30300,OSMAR,30,NOVO,76
MANAUS,Vereador,30330,PROFESSOR RONALDO FERNANDES,30,NOVO,517
MANAUS,Vereador,30333,DIANA RODRIGUES,30,NOVO,149
MANAUS,Vereador,30418,UNIDOS PELO POVO,30,NOVO,248
MANAUS,Vereador,30444,DERLI PASSOS,30,NOVO,247
MANAUS,Vereador,30451,GIOVANA CHAVES,30,NOVO,13
MANAUS,Vereador,30456,WAGNER BESSA,30,NOVO,656
MANAUS,Vereador,30555,PROFESSORA DORA,30,NOVO,239
MANAUS,Vereador,30604,DANIEL DO NOVO,30,NOVO,772
MANAUS,Vereador,30777,MESSIAS,30,NOVO,62
MANAUS,Vereador,30888,JOCSON BATALHA DOS REIS,30,NOVO,102
MANAUS,Vereador,30999,RONILSON SOUZA,30,NOVO,253
MANAUS,Vereador,33000,PROFESSOR MOISÃS COSTA,33,MOBILIZA,164
MANAUS,Vereador,33007,ADRIANA MAQUINÃ,33,MOBILIZA,170
MANAUS,Vereador,33010,JORGE SILVA,33,MOBILIZA,64
MANAUS,Vereador,33013,ENA WANDERLEY,33,MOBILIZA,31
MANAUS,Vereador,33022,ATIVISTA LENA RIBEIRO,33,MOBILIZA,342
MANAUS,Vereador,33033,SARGENTO WASHINGTON,33,MOBILIZA,93
MANAUS,Vereador,33077,JOÃO CARLOS CAVALO,33,MOBILIZA,195
MANAUS,Vereador,33100,ANA BEATRIZ,33,MOBILIZA,16
MANAUS,Vereador,33111,DOUTOR VASCON,33,MOBILIZA,509
MANAUS,Vereador,33121,GIBINHA DA BETÃNIA,33,MOBILIZA,126
MANAUS,Vereador,33122,REPÃRTER RAY NASCIMENTO,33,MOBILIZA,98
MANAUS,Vereador,33123,BISPA LAÃS CARVALHO,33,MOBILIZA,2082
MANAUS,Vereador,33133,DOUTOR ELMISON BEZERRA,33,MOBILIZA,1158
MANAUS,Vereador,33144,EDULIMA,33,MOBILIZA,75
MANAUS,Vereador,33177,SORAIA SOARES,33,MOBILIZA,151
MANAUS,Vereador,33200,DOUTOR NILTON BIDIDA,33,MOBILIZA,281
MANAUS,Vereador,33213,SIRRAME MAQUINÃ,33,MOBILIZA,54
MANAUS,Vereador,33221,LUCIANO GAROTÃO,33,MOBILIZA,176
MANAUS,Vereador,33222,MÃRIO VIEIRA,33,MOBILIZA,220
MANAUS,Vereador,33223,GLEYDYA SALES,33,MOBILIZA,112
MANAUS,Vereador,33233,RAFAEL DA RECICLAGEM,33,MOBILIZA,520
MANAUS,Vereador,33234,IEDA LIRA,33,MOBILIZA,50
MANAUS,Vereador,33246,ALAN DA GRANDE FAMÃLIA,33,MOBILIZA,402
MANAUS,Vereador,33250,ENGENHEIRO SEBASTIÃO,33,MOBILIZA,289
MANAUS,Vereador,33300,VALDO PAIXÃO,33,MOBILIZA,341
MANAUS,Vereador,33321,GABRIEL CASTILHO,33,MOBILIZA,348
MANAUS,Vereador,33333,WILAME BARRETO,33,MOBILIZA,3333
MANAUS,Vereador,33369,RAIMUNDINHO CRUZ,33,MOBILIZA,30
MANAUS,Vereador,33377,NALDO GADELHA,33,MOBILIZA,93
MANAUS,Vereador,33433,MANOEL COSTA,33,MOBILIZA,390
MANAUS,Vereador,33451,MARY ALVES,33,MOBILIZA,112
MANAUS,Vereador,33456,RUBENILSON MASSULO,33,MOBILIZA,364
MANAUS,Vereador,33500,RAIMUNDO BRITO,33,MOBILIZA,111
MANAUS,Vereador,33555,CRISÃSTOMO TELES,33,MOBILIZA,175
MANAUS,Vereador,33556,ESTER DO PIORINI,33,MOBILIZA,152
MANAUS,Vereador,33633,CARLOS GALVÃO,33,MOBILIZA,102
MANAUS,Vereador,33677,TENENTE CORONEL MALHEIROS,33,MOBILIZA,869
MANAUS,Vereador,33777,JAMYS CASTELO BRANCO,33,MOBILIZA,293
MANAUS,Vereador,33789,PROFESSOR ADEMIR,33,MOBILIZA,957
MANAUS,Vereador,33988,ENFERMEIRA GRACIETE,33,MOBILIZA,1815
MANAUS,Vereador,33999,LÃCIA BASTOS,33,MOBILIZA,193
MANAUS,Vereador,35000,ELVYS,35,PMB,3455
MANAUS,Vereador,35001,JACK MELO,35,PMB,250
MANAUS,Vereador,35002,BISPA LUCIANA,35,PMB,1141
MANAUS,Vereador,35005,CRISLANE MIKAELE,35,PMB,1422
MANAUS,Vereador,35007,IVO NETO,35,PMB,8437
MANAUS,Vereador,35010,SUZIÃR CARMO,35,PMB,153
MANAUS,Vereador,35014,RODRIGO NOVAES,35,PMB,2958
MANAUS,Vereador,35015,RODRIGO CARVALHO,35,PMB,732
MANAUS,Vereador,35022,ORLEY LIMA,35,PMB,1354
MANAUS,Vereador,35025,PROFESSOR JONAS NATÃRIO,35,PMB,276
MANAUS,Vereador,35035,JANAÃNA CHAGAS,35,PMB,3355
MANAUS,Vereador,35036,RÃMULO ZURRA,35,PMB,1812
MANAUS,Vereador,35050,FRANCE OLIVEIRA,35,PMB,47
MANAUS,Vereador,35077,MARCIO ALMEIDA,35,PMB,2012
MANAUS,Vereador,35111,ELISEU DA PL CONSTRUÃÃO,35,PMB,1402
MANAUS,Vereador,35123,MÃNICA MENDES,35,PMB,1431
MANAUS,Vereador,35135,KETLEN REGES,35,PMB,47
MANAUS,Vereador,35144,SOL,35,PMB,35
MANAUS,Vereador,35174,MISSIONÃRIO SEBASTIÃO,35,PMB,54
MANAUS,Vereador,35222,CONSELHEIRO MARCOS LIMA,35,PMB,4038
MANAUS,Vereador,35234,DOUTOR FÃBIO CASTELLO,35,PMB,361
MANAUS,Vereador,35286,BRUNA LA CLOSE,35,PMB,160
MANAUS,Vereador,35288,ELLEN ALMEIDA,35,PMB,29
MANAUS,Vereador,35300,JOSIMAR GADELHA,35,PMB,1372
MANAUS,Vereador,35321,LUAN FONTINELLE,35,PMB,1806
MANAUS,Vereador,35333,PAULO TYRONE,35,PMB,4670
MANAUS,Vereador,35335,JAIMINHO RODRIGUES,35,PMB,1042
MANAUS,Vereador,35345,MOACIR VULCÃO,35,PMB,3410
MANAUS,Vereador,35353,KLEBERTON SAHDO,35,PMB,78
MANAUS,Vereador,35444,ISRAEL NASCIMENTO,35,PMB,481
MANAUS,Vereador,35456,CONSELHEIRO NILSON MATOS,35,PMB,676
MANAUS,Vereador,35500,IVAN DAMASCENO,35,PMB,508
MANAUS,Vereador,35555,ELCY BARROSO,35,PMB,4174
MANAUS,Vereador,35600,SIDNEY SOUZA,35,PMB,318
MANAUS,Vereador,35604,JÃNIOR ESTEVAM,35,PMB,974
MANAUS,Vereador,35678,LINCOLN TERRINHA,35,PMB,227
MANAUS,Vereador,35770,DOUTOR ISRAELSON,35,PMB,881
MANAUS,Vereador,35777,LUIZ MARQUES,35,PMB,321
MANAUS,Vereador,35789,LOMITTAS,35,PMB,2077
MANAUS,Vereador,35999,NÃBIA GARCIA,35,PMB,693
MANAUS,Vereador,36000,ROSANA FROTA,36,AGIR,666
MANAUS,Vereador,36001,MAZINHO DA ECOBARREIRA,36,AGIR,1266
MANAUS,Vereador,36014,MOISÃS GUSMÃO,36,AGIR,1079
MANAUS,Vereador,36015,VALDSON OLIVEIRA,36,AGIR,119
MANAUS,Vereador,36017,ELANE MACOLA,36,AGIR,338
MANAUS,Vereador,36020,BISPA DO POVÃO,36,AGIR,121
MANAUS,Vereador,36022,KELLY AMBRÃSIO,36,AGIR,186
MANAUS,Vereador,36036,JOÃO PAULO JANJÃO,36,AGIR,7555
MANAUS,Vereador,36044,PROFESSORA JESUS,36,AGIR,681
MANAUS,Vereador,36063,MIRELLA LAUSCHNER,36,AGIR,274
MANAUS,Vereador,36070,CHARLINHO CÃNDIDO,36,AGIR,624
MANAUS,Vereador,36077,ALCIANE MARQUES,36,AGIR,154
MANAUS,Vereador,36090,HUDSON PRAIA,36,AGIR,851
MANAUS,Vereador,36091,PASTOR JHONATAN BORHER,36,AGIR,528
MANAUS,Vereador,36111,FOFINHO DO POVO,36,AGIR,228
MANAUS,Vereador,36121,ALEXANDRE PONTES,36,AGIR,2651
MANAUS,Vereador,36123,ALONSO OLIVEIRA,36,AGIR,6570
MANAUS,Vereador,36190,SARGENTO JOANDERSON,36,AGIR,446
MANAUS,Vereador,36222,GOIABEIRA,36,AGIR,3930
MANAUS,Vereador,36234,LUCIANA DA NELY,36,AGIR,477
MANAUS,Vereador,36321,PASTOR SARGENTO PEREIRINHA,36,AGIR,1363
MANAUS,Vereador,36324,MANILZE DO PARQUE SÃO PEDRO,36,AGIR,120
MANAUS,Vereador,36333,ALAN PINHEIRO,36,AGIR,905
MANAUS,Vereador,36345,JÃNIOR DIAS,36,AGIR,2135
MANAUS,Vereador,36360,SERGINHO CÃMARA,36,AGIR,1460
MANAUS,Vereador,36444,IDENILDE MATOS,36,AGIR,97
MANAUS,Vereador,36447,AÃLTON FERNANDES,36,AGIR,287
MANAUS,Vereador,36449,NOGUEIRA DO MUTIRÃO,36,AGIR,135
MANAUS,Vereador,36456,AMAURI COLARES,36,AGIR,5501
MANAUS,Vereador,36525,KENNY SOUZA,36,AGIR,1573
MANAUS,Vereador,36550,SUZANA BARRETO,36,AGIR,58
MANAUS,Vereador,36555,HAILON FERREIRA,36,AGIR,570
MANAUS,Vereador,36600,CLÃVIS SUCATEIRO LEGAL,36,AGIR,219
MANAUS,Vereador,36622,DIONE CARVALHO,36,AGIR,8823
MANAUS,Vereador,36671,GALHARDO,36,AGIR,80
MANAUS,Vereador,36700,PROFESSOR JOHNNY ALMEIDA,36,AGIR,112
MANAUS,Vereador,36777,ROSINALDO BUAL,36,AGIR,7892
MANAUS,Vereador,36789,JUNIOR NUNES,36,AGIR,5534
MANAUS,Vereador,36800,PAKITO DO DISTRITO,36,AGIR,67
MANAUS,Vereador,36900,NEWTON PONTES,36,AGIR,92
MANAUS,Vereador,36999,MÃRCIA REGINA,36,AGIR,559
MANAUS,Vereador,40000,SEU AMIGO MIMICA,40,PSB,892
MANAUS,Vereador,40001,PROFESSOR ALI,40,PSB,1081
MANAUS,Vereador,40007,REGINA LOIRA DO SALGADO,40,PSB,403
MANAUS,Vereador,40015,RONALDINHO SHOW,40,PSB,261
MANAUS,Vereador,40023,SARGENTO NEGREIROS,40,PSB,263
MANAUS,Vereador,40024,DARIVAN VALENTE,40,PSB,286
MANAUS,Vereador,40040,ELIAS EMANUEL,40,PSB,2172
MANAUS,Vereador,40088,JANUÃRIO ROCHA,40,PSB,657
MANAUS,Vereador,40090,PROFESSORA FÃTIMA FALCÃO,40,PSB,329
MANAUS,Vereador,40100,DR LINDOMAR LIMA,40,PSB,158
MANAUS,Vereador,40101,WELLINGTON MAIS CHEGADO,40,PSB,395
MANAUS,Vereador,40102,PROFESSOR SERAPIÃO,40,PSB,304
MANAUS,Vereador,40111,MARCELO SERAFIM,40,PSB,6646
MANAUS,Vereador,40124,MAYLAN CUNHA,40,PSB,248
MANAUS,Vereador,40140,ALBA SALDANHA,40,PSB,81
MANAUS,Vereador,40141,RENATA MAIA,40,PSB,113
MANAUS,Vereador,40144,GLEYFON FORMIGA,40,PSB,605
MANAUS,Vereador,40177,ENFERMEIRA DOMÃNICA,40,PSB,135
MANAUS,Vereador,40190,TENENTE SOCORRO DANTAS,40,PSB,147
MANAUS,Vereador,40213,ROSINHA DO AMAZONAS,40,PSB,410
MANAUS,Vereador,40222,DERMILSON CHAGAS,40,PSB,4892
MANAUS,Vereador,40223,ALBERTO REIS,40,PSB,767
MANAUS,Vereador,40234,BAIANO,40,PSB,100
MANAUS,Vereador,40321,PIMENTA,40,PSB,232
MANAUS,Vereador,40325,CEARÃ DO SANTA ETELVINA,40,PSB,265
MANAUS,Vereador,40333,CHIQUINHO AMARAL,40,PSB,965
MANAUS,Vereador,40334,VERA AMIGA DA COMPENSA,40,PSB,123
MANAUS,Vereador,40440,MARIVALDO,40,PSB,2522
MANAUS,Vereador,40444,JAMES FIGUEIREDO,40,PSB,1084
MANAUS,Vereador,40448,HUDSON MEDEIROS,40,PSB,597
MANAUS,Vereador,40456,NAYARA PEDROSA,40,PSB,66
MANAUS,Vereador,40555,GLÃRIA CARRATTE,40,PSB,6286
MANAUS,Vereador,40556,PAULO ROCHA,40,PSB,84
MANAUS,Vereador,40567,MAURO FILHO ANIMALESCO,40,PSB,208
MANAUS,Vereador,40633,LUCIANO VIEIRA,40,PSB,307
MANAUS,Vereador,40651,RAUL DA RECICLAGEM,40,PSB,469
MANAUS,Vereador,40666,LEIVSON LUIZ,40,PSB,149
MANAUS,Vereador,40717,KATRYNA BERNARDO,40,PSB,196
MANAUS,Vereador,40757,BINHO DA SAÃDE,40,PSB,213
MANAUS,Vereador,40777,BESSA,40,PSB,5190
MANAUS,Vereador,40789,MÃRCIO ANDRÃ O MISTER,40,PSB,36
MANAUS,Vereador,40888,DRY E GABY,40,PSB,376
MANAUS,Vereador,43043,NILSÃO DA CIDADE NOVA,43,PV,241
MANAUS,Vereador,43123,JUNIOR GAROTO,43,PV,648
MANAUS,Vereador,43133,NADIA CRYYS,43,PV,25
MANAUS,Vereador,43143,LEI DO POVO,43,PV,6
MANAUS,Vereador,43144,JAILDO OLIVEIRA,43,PV,8411
MANAUS,Vereador,43222,IRIS DA RECICLAGEM,43,PV,133
MANAUS,Vereador,43332,EDIVAN BAL DA CONSTRUÃÃO NAVAL,43,PV,149
MANAUS,Vereador,43333,ORLANDO GOMES,43,PV,213
MANAUS,Vereador,43456,LIVIA CARVALHO,43,PV,222
MANAUS,Vereador,43555,WILLIAMIS VIEIRA,43,PV,2951
MANAUS,Vereador,43712,NEGO INÃCIO,43,PV,221
MANAUS,Vereador,43773,LAURA TAVARES,43,PV,60
MANAUS,Vereador,43777,AKIZ ALVES,43,PV,179
MANAUS,Vereador,44000,PROFESSORA THEREZINHA RUIZ,44,UNIÃO,4378
MANAUS,Vereador,44001,CLEBER PINHEIRO ,44,UNIÃO,737
MANAUS,Vereador,44004,MARCELO LIMA,44,UNIÃO,665
MANAUS,Vereador,44007,LUCAS RABELO,44,UNIÃO,1600
MANAUS,Vereador,44016,SARGENTO EUMAR FILHO,44,UNIÃO,705
MANAUS,Vereador,44017,SARGENTO ANDRÃA CRISTINA,44,UNIÃO,305
MANAUS,Vereador,44024,PEPÃ DO EDUCANDOS,44,UNIÃO,549
MANAUS,Vereador,44044,MARCIA NOVÃES ,44,UNIÃO,139
MANAUS,Vereador,44100,ATIVISTA AMAURI GOMES,44,UNIÃO,7788
MANAUS,Vereador,44101,MENAIDE BARROSO,44,UNIÃO,102
MANAUS,Vereador,44111,DIEGO AFONSO,44,UNIÃO,10753
MANAUS,Vereador,44123,EVERTON ASSIS,44,UNIÃO,12429
MANAUS,Vereador,44144,LINA DIAS,44,UNIÃO,73
MANAUS,Vereador,44190,SARGENTO PLÃCIDO,44,UNIÃO,310
MANAUS,Vereador,44193,CORONEL MUNIZ ,44,UNIÃO,3392
MANAUS,Vereador,44220,ANA HOLANDA,44,UNIÃO,506
MANAUS,Vereador,44222,DJ EVANDRO JR,44,UNIÃO,1175
MANAUS,Vereador,44237,TIA NALVA,44,UNIÃO,218
MANAUS,Vereador,44244,DAMIÃO OLIVEIRA,44,UNIÃO,54
MANAUS,Vereador,44300,PROFESSORA JACQUELINE,44,UNIÃO,8081
MANAUS,Vereador,44321,ALDENOR LIMA,44,UNIÃO,9744
MANAUS,Vereador,44333,MARICILIA COSTA,44,UNIÃO,783
MANAUS,Vereador,44344,CRIS PONTES,44,UNIÃO,288
MANAUS,Vereador,44400,PEREIRA LEDORA,44,UNIÃO,369
MANAUS,Vereador,44433,SAIMON BESSA,44,UNIÃO,9625
MANAUS,Vereador,44444,NEIBE ,44,UNIÃO,6484
MANAUS,Vereador,44445,CAPITÃO DILSON CASTRO,44,UNIÃO,5451
MANAUS,Vereador,44454,SINESIO TROVÃO,44,UNIÃO,284
MANAUS,Vereador,44456,KUKA CHAVES ,44,UNIÃO,2337
MANAUS,Vereador,44468,MARIO JOSÃ,44,UNIÃO,435
MANAUS,Vereador,44500,MARCO CASTILHOS,44,UNIÃO,14621
MANAUS,Vereador,44544,TIO VICENTE ,44,UNIÃO,565
MANAUS,Vereador,44555,CAIO ANDRÃ,44,UNIÃO,8019
MANAUS,Vereador,44564,JOAO CLEUSIMAR MATA BOI,44,UNIÃO,1892
MANAUS,Vereador,44567,SOCORRO LOPES,44,UNIÃO,763
MANAUS,Vereador,44666,RENAN DOVAL,44,UNIÃO,596
MANAUS,Vereador,44678,TOALHA PODRE,44,UNIÃO,619
MANAUS,Vereador,44777,DELEGADO MARCELO DIAS,44,UNIÃO,2363
MANAUS,Vereador,44781,MARGARETH DO RIACHO,44,UNIÃO,50
MANAUS,Vereador,44789,DRA. MARLUCIA ,44,UNIÃO,868
MANAUS,Vereador,44888,DEDEIA MEDEIROS,44,UNIÃO,916
MANAUS,Vereador,44999,ALEX AGUIAR,44,UNIÃO,3036
MANAUS,Vereador,45000,DR.NETO LINS,45,PSDB,69
MANAUS,Vereador,45007,CIDINHA SANTOS,45,PSDB,135
MANAUS,Vereador,45045,LAURA CRISTINA,45,PSDB,296
MANAUS,Vereador,45077,LIONS BRUCE,45,PSDB,896
MANAUS,Vereador,45123,PASTORA MAYARA,45,PSDB,738
MANAUS,Vereador,45192,DENISON VILAR DA SAÃDE,45,PSDB,743
MANAUS,Vereador,45222,DR. JOSEPHA ABREU,45,PSDB,490
MANAUS,Vereador,45234,WILLISON MARQUES,45,PSDB,130
MANAUS,Vereador,45262,DAVI INSETO,45,PSDB,136
MANAUS,Vereador,45333,MARFRAN ARAÃJO,45,PSDB,745
MANAUS,Vereador,45345,ANDRÃ MOREIRA,45,PSDB,367
MANAUS,Vereador,45444,GABRIEL ENOCK DO TRANSPORTE,45,PSDB,2491
MANAUS,Vereador,45455,ROSIVALDO CORDOVIL,45,PSDB,8146
MANAUS,Vereador,45456,PANK DA CIDADE DE DEUS,45,PSDB,147
MANAUS,Vereador,45555,RODRIGO CASANOVA,45,PSDB,481
MANAUS,Vereador,45666,MAURO TEIXEIRA,45,PSDB,399
MANAUS,Vereador,45677,STALLONE,45,PSDB,576
MANAUS,Vereador,45678,KARLA MARQUES,45,PSDB,175
MANAUS,Vereador,45696,DR. OLGA FIGUEIREDO,45,PSDB,19
MANAUS,Vereador,45777,HILTON FERREIRA,45,PSDB,197
MANAUS,Vereador,45789,SILVIA CARLA DA INFÃNCIA,45,PSDB,563
MANAUS,Vereador,50000,JOÃO MILAGRES,50,PSOL,129
MANAUS,Vereador,50001,FERNANDO SILVA,50,PSOL,13
MANAUS,Vereador,50050,PROFESSOR RICARDO,50,PSOL,61
MANAUS,Vereador,50080,NETE MOURA,50,PSOL,110
MANAUS,Vereador,50100,SAMPAIO,50,PSOL,53
MANAUS,Vereador,50123,VAL SANTOS,50,PSOL,272
MANAUS,Vereador,50124,LUIZ LOPES,50,PSOL,10
MANAUS,Vereador,50127,CARLA ELY,50,PSOL,26
MANAUS,Vereador,50150,PROFA EVANY,50,PSOL,652
MANAUS,Vereador,50222,WILLIS SILVA,50,PSOL,25
MANAUS,Vereador,50234,PROF.  JOÃO FERNANDES,50,PSOL,67
MANAUS,Vereador,50310,GILMARA GUIMARÃES,50,PSOL,30
MANAUS,Vereador,50333,MANOEL CARDOSO,50,PSOL,25
MANAUS,Vereador,50456,CIRLETE QUEIROZ,50,PSOL,8
MANAUS,Vereador,50500,ÃLEX SOUSA,50,PSOL,622
MANAUS,Vereador,50643,ALMIR FILHO,50,PSOL,45
MANAUS,Vereador,50666,KATIA SORAH,50,PSOL,45
MANAUS,Vereador,50777,LORE CAMARGO,50,PSOL,55
MANAUS,Vereador,50888,RENAN ROTONDANO,50,PSOL,45
MANAUS,Vereador,50990,MAURO COELHO,50,PSOL,127
MANAUS,Vereador,55000,FRANSUÃ,55,PSD,6238
MANAUS,Vereador,55001,REVERSON COLARES,55,PSD,153
MANAUS,Vereador,55007,BETO DA SEVEN,55,PSD,718
MANAUS,Vereador,55013,CLAUDIO PROENÃA,55,PSD,4265
MANAUS,Vereador,55014,DINHO,55,PSD,435
MANAUS,Vereador,55024,INGRID MENDONÃA,55,PSD,344
MANAUS,Vereador,55025,MICHELLE MAIA,55,PSD,2283
MANAUS,Vereador,55026,ERICK MIRANDA ,55,PSD,1209
MANAUS,Vereador,55055,DENISE COÃLHO,55,PSD,396
MANAUS,Vereador,55070,RIAME BRAGA,55,PSD,312
MANAUS,Vereador,55077,NONATO OLIVEIRA,55,PSD,928
MANAUS,Vereador,55081,ALDEMIR MALABA,55,PSD,2184
MANAUS,Vereador,55100,PROFESSOR ALESSANDRO ,55,PSD,1347
MANAUS,Vereador,55111,JORNADA,55,PSD,879
MANAUS,Vereador,55123,EURICO TAVARES,55,PSD,8118
MANAUS,Vereador,55155,HENRIQUE MEDEIROS,55,PSD,3681
MANAUS,Vereador,55177,DENIS MESQUITA,55,PSD,650
MANAUS,Vereador,55180,DELEGADA DÃBORA MAFRA,55,PSD,4519
MANAUS,Vereador,55181,CB MAILSON JESUS,55,PSD,370
MANAUS,Vereador,55190,ODIRLEI DO SINPOL ,55,PSD,425
MANAUS,Vereador,55192,BOMBEIRO MENDES DA DEF CIVIL,55,PSD,684
MANAUS,Vereador,55199,KAROLA CALDAS PRO VIDA,55,PSD,230
MANAUS,Vereador,55222,DRA. BRUNA MUNIZ,55,PSD,778
MANAUS,Vereador,55232,NILCE COSTA,55,PSD,90
MANAUS,Vereador,55322,CHICO MOURA,55,PSD,718
MANAUS,Vereador,55333,PROFESSOR SAMUEL,55,PSD,7232
MANAUS,Vereador,55345,DR ANOAR ,55,PSD,1678
MANAUS,Vereador,55455,SATO DO MAZON,55,PSD,918
MANAUS,Vereador,55555,JANDER LOBATO,55,PSD,7755
MANAUS,Vereador,55557,ENFERMEIRA LONE BEZERRA,55,PSD,280
MANAUS,Vereador,55567,ENFERMEIRA SOCORRO DUTRA,55,PSD,449
MANAUS,Vereador,55622,MARCELO KRAMER,55,PSD,2757
MANAUS,Vereador,55635,ALMIR INACIO,55,PSD,1160
MANAUS,Vereador,55655,ARIGÃ,55,PSD,854
MANAUS,Vereador,55666,DARLENE NEVES RODOVIARIA,55,PSD,96
MANAUS,Vereador,55667,HUDSON JORGE,55,PSD,2128
MANAUS,Vereador,55700,ROSI MATOS ,55,PSD,253
MANAUS,Vereador,55777,ELTON MANÃO,55,PSD,5554
MANAUS,Vereador,55789,DR. PAULINHO TAVARES,55,PSD,958
MANAUS,Vereador,55800,ROSA LIBANIO,55,PSD,115
MANAUS,Vereador,55855,FLAVINHO ARAUJO,55,PSD,2
MANAUS,Vereador,55888,PEIXOTO,55,PSD,4426
MANAUS,Vereador,65065,FRANK LIMA,65,PC do B,496
MANAUS,Vereador,65123,MICHELLE ANDREWS EM MOVIMENTO,65,PC do B,782
MANAUS,Vereador,65233,GUTO RODRIGUES,65,PC do B,176
MANAUS,Vereador,65333,VALDERLI BERNARDO,65,PC do B,2489
MANAUS,Vereador,65444,MIGUEL ALVES,65,PC do B,196
MANAUS,Vereador,65456,DRA LÃCIA OLIVEIRA,65,PC do B,240
MANAUS,Vereador,65656,EDILON QUEIROZ,65,PC do B,1117
MANAUS,Vereador,65777,DARLENE GUILHERME,65,PC do B,57
MANAUS,Vereador,70000,GILMAR NASCIMENTO,70,AVANTE,8847
MANAUS,Vereador,70001,LILIANE ARAÃJO,70,AVANTE,637
MANAUS,Vereador,70003,IRMÃ VANDA BARBOSA,70,AVANTE,2751
MANAUS,Vereador,70007,CRIS PAIVA,70,AVANTE,1455
MANAUS,Vereador,70009,JUNIOR COELHO,70,AVANTE,256
MANAUS,Vereador,70012,DALMIR SALAZAR,70,AVANTE,5282
MANAUS,Vereador,70040,MEYB SEIXAS,70,AVANTE,805
MANAUS,Vereador,70070,PAI AMADO,70,AVANTE,5627
MANAUS,Vereador,70077,BETO DANTAS,70,AVANTE,3827
MANAUS,Vereador,70089,DRA ALCINETE,70,AVANTE,812
MANAUS,Vereador,70100,VIVI LIRA,70,AVANTE,4420
MANAUS,Vereador,70111,RADYR JR,70,AVANTE,4609
MANAUS,Vereador,70123,DAVID REIS,70,AVANTE,11285
MANAUS,Vereador,70125,EDIVALDO BARRETO,70,AVANTE,1214
MANAUS,Vereador,70133,THIAGO QUARA,70,AVANTE,253
MANAUS,Vereador,70190,ZE GOTINHA DA FLORESTA,70,AVANTE,443
MANAUS,Vereador,70222,TONY MEDEIROS,70,AVANTE,3754
MANAUS,Vereador,70234,DR. EDUARDO ASSIS,70,AVANTE,9197
MANAUS,Vereador,70257,RONY TRINDADE,70,AVANTE,1434
MANAUS,Vereador,70270,DANIEL SERRÃO BANCADA COLETIVA,70,AVANTE,2105
MANAUS,Vereador,70321,SOCORRO SAMPAIO,70,AVANTE,993
MANAUS,Vereador,70333,SGT BENTES PAPINHA,70,AVANTE,3554
MANAUS,Vereador,70345,BETO TABOSA,70,AVANTE,337
MANAUS,Vereador,70347,JUNIOR RESGATE,70,AVANTE,5523
MANAUS,Vereador,70369,RAIDERSON TECO,70,AVANTE,825
MANAUS,Vereador,70444,ENFERMEIRA JUCINARA,70,AVANTE,1209
MANAUS,Vereador,70456,RAYANA PINHO DO BAZAR,70,AVANTE,1029
MANAUS,Vereador,70500,ANINHA NASCIMENTO,70,AVANTE,1330
MANAUS,Vereador,70555,JANAINA JAMILLA,70,AVANTE,2698
MANAUS,Vereador,70567,DR. EWERTON WANDERLEY,70,AVANTE,1700
MANAUS,Vereador,70651,PR. FRANK ABÃLIO,70,AVANTE,3763
MANAUS,Vereador,70656,SABRINA LEITE,70,AVANTE,775
MANAUS,Vereador,70670,ISAAC REIS,70,AVANTE,1590
MANAUS,Vereador,70700,LEDA JUNIOR,70,AVANTE,2574
MANAUS,Vereador,70707,EDUARDO LUCAS,70,AVANTE,4486
MANAUS,Vereador,70711,JÃNIOR RIBEIRO,70,AVANTE,1447
MANAUS,Vereador,70766,FLÃVIA PICOLÃ,70,AVANTE,1189
MANAUS,Vereador,70770,RODINEI RAMOS,70,AVANTE,6713
MANAUS,Vereador,70777,JOELSON SILVA,70,AVANTE,10237
MANAUS,Vereador,70789,EDUARDO ALFAIA,70,AVANTE,13281
MANAUS,Vereador,70888,REIZO CASTELO BRANCO,70,AVANTE,2593
MANAUS,Vereador,70999,DR SANDOVAL CHEIRO DO POVO,70,AVANTE,3096
MANAUS,Vereador,77000,AQUILES BRANDAO,77,SOLIDARIEDADE,123
MANAUS,Vereador,77037,ASSISTENTE SOCIAL ALE DIAS,77,SOLIDARIEDADE,315
MANAUS,Vereador,77056,LAERCIO DOS VIGILANTES,77,SOLIDARIEDADE,83
MANAUS,Vereador,77083,ALONSO PIT BULL,77,SOLIDARIEDADE,17
MANAUS,Vereador,77102,LEIVA,77,SOLIDARIEDADE,68
MANAUS,Vereador,77123,GILBERTO MARTINS,77,SOLIDARIEDADE,142
MANAUS,Vereador,77321,DELCINETE DE SOUZA,77,SOLIDARIEDADE,93
MANAUS,Vereador,77331,IRMAO ALCIMAR,77,SOLIDARIEDADE,450
MANAUS,Vereador,77333,EDNEY AGP E DOS VIGILANTES,77,SOLIDARIEDADE,18
MANAUS,Vereador,77335,CAMILA SANTOS,77,SOLIDARIEDADE,33
MANAUS,Vereador,77400,ANDRÃ LUIZ DO PORTAL,77,SOLIDARIEDADE,219
MANAUS,Vereador,77567,AGEU,77,SOLIDARIEDADE,9
MANAUS,Vereador,77700,LIS DA SAÃDE,77,SOLIDARIEDADE,8
MANAUS,Vereador,77707,DANIEL VERISSIMO,77,SOLIDARIEDADE,55
MANAUS,Vereador,77777,RAIMUNDA LIMA,77,SOLIDARIEDADE,77
MANAUS,Vereador,77787,NOSSO AMIGO DOUTOR SERGIO,77,SOLIDARIEDADE,80
MANAUS,Vereador,77789,ANTONIO SALVADOR,77,SOLIDARIEDADE,58
MANAUS,Vereador,77889,POLICIAL CLEIA,77,SOLIDARIEDADE,23
MANAUS,Vereador,77900,CAPITAO SOUZA,77,SOLIDARIEDADE,22
MANAUS,Vereador,77961,WALTER BOFF,77,SOLIDARIEDADE,67
